Floor/Area,Bay Number,Bay Name,Occupied At,Occupancy Hours,Occupancy Percent,Occupancy Count,Ave Bays Occupied
Victoria St,-,-,1/05/2020 0:00,13,26.5306,0,13
Victoria St,-,-,1/05/2020 1:00,11.9167,24.3197,1,11.9167
Victoria St,-,-,1/05/2020 2:00,11.7,23.8776,0,11.7
Victoria St,-,-,1/05/2020 3:00,12,24.4898,0,12
Victoria St,-,-,1/05/2020 4:00,12,24.4898,0,12
Victoria St,-,-,1/05/2020 5:00,13.6333,27.8231,8,13.6333
Victoria St,-,-,1/05/2020 6:00,11.35,23.1633,7,11.35
Victoria St,-,-,1/05/2020 7:00,11.8,24.0816,11,11.8
Victoria St,-,-,1/05/2020 8:00,20.1167,41.0544,11,20.1167
Victoria St,-,-,1/05/2020 9:00,22.9833,46.9048,20,22.9833
Victoria St,-,-,1/05/2020 10:00,20.1333,41.0884,26,20.1333
Victoria St,-,-,1/05/2020 11:00,24.0667,49.1156,30,24.0667
Victoria St,-,-,1/05/2020 12:00,26.5333,54.1497,55,26.5333
Victoria St,-,-,1/05/2020 13:00,25.5,52.0408,33,25.5
Victoria St,-,-,1/05/2020 14:00,24.2333,49.4558,35,24.2333
Victoria St,-,-,1/05/2020 15:00,21.9,44.6939,35,21.9
Victoria St,-,-,1/05/2020 16:00,25.2167,51.4626,46,25.2167
Victoria St,-,-,1/05/2020 17:00,26.4833,54.0476,58,26.4833
Victoria St,-,-,1/05/2020 18:00,27.3667,55.8503,63,27.3667
Victoria St,-,-,1/05/2020 19:00,28.7167,58.6054,49,28.7167
Victoria St,-,-,1/05/2020 20:00,24.0167,49.0136,39,24.0167
Victoria St,-,-,1/05/2020 21:00,16.15,32.9592,9,16.15
Victoria St,-,-,1/05/2020 22:00,14.2333,29.0476,1,14.2333
Victoria St,-,-,1/05/2020 23:00,14.2167,29.0136,4,14.2167
Victoria St,-,-,2/05/2020 0:00,14.7833,30.1701,1,14.7833
Victoria St,-,-,2/05/2020 1:00,14,28.5714,0,14
Victoria St,-,-,2/05/2020 2:00,12.1333,24.7619,2,12.1333
Victoria St,-,-,2/05/2020 3:00,12,24.4898,0,12
Victoria St,-,-,2/05/2020 4:00,12,24.4898,0,12
Victoria St,-,-,2/05/2020 5:00,12.0167,24.5238,1,12.0167
Victoria St,-,-,2/05/2020 6:00,11.85,24.1837,2,11.85
Victoria St,-,-,2/05/2020 7:00,12,24.4898,1,12
Victoria St,-,-,2/05/2020 8:00,13.6333,27.8231,4,13.6333
Victoria St,-,-,2/05/2020 9:00,16.9167,34.5238,18,16.9167
Victoria St,-,-,2/05/2020 10:00,20.35,41.5306,28,20.35
Victoria St,-,-,2/05/2020 11:00,28.3667,57.8912,45,28.3667
Victoria St,-,-,2/05/2020 12:00,26.45,53.9796,50,26.45
Victoria St,-,-,2/05/2020 13:00,23.9667,48.9116,50,23.9667
Victoria St,-,-,2/05/2020 14:00,20.4667,41.7687,41,20.4667
Victoria St,-,-,2/05/2020 15:00,24.3667,49.7279,56,24.3667
Victoria St,-,-,2/05/2020 16:00,21.5833,44.0476,80,21.5833
Victoria St,-,-,2/05/2020 17:00,24.3667,49.7279,61,24.3667
Victoria St,-,-,2/05/2020 18:00,22.3,45.5102,79,22.3
Victoria St,-,-,2/05/2020 19:00,22.1,45.102,64,22.1
Victoria St,-,-,2/05/2020 20:00,17.0167,34.7279,30,17.0167
Victoria St,-,-,2/05/2020 21:00,13.05,26.6327,13,13.05
Victoria St,-,-,2/05/2020 22:00,11.6,23.6735,2,11.6
Victoria St,-,-,2/05/2020 23:00,12.1333,24.7619,3,12.1333
Victoria St,-,-,3/05/2020 0:00,14.8667,30.3401,0,14.8667
Victoria St,-,-,3/05/2020 1:00,15,30.6122,1,15
Victoria St,-,-,3/05/2020 2:00,15,30.6122,0,15
Victoria St,-,-,3/05/2020 3:00,14.8667,30.3401,3,14.8667
Victoria St,-,-,3/05/2020 4:00,15.0167,30.6463,0,15.0167
Victoria St,-,-,3/05/2020 5:00,15.25,31.1224,0,15.25
Victoria St,-,-,3/05/2020 6:00,14.9167,30.4422,8,14.9167
Victoria St,-,-,3/05/2020 7:00,15,30.6122,1,15
Victoria St,-,-,3/05/2020 8:00,13.85,28.2653,4,13.85
Victoria St,-,-,3/05/2020 9:00,16.6833,34.0476,6,16.6833
Victoria St,-,-,3/05/2020 10:00,16.6833,34.0476,10,16.6833
Victoria St,-,-,3/05/2020 11:00,21.7,44.2857,35,21.7
Victoria St,-,-,3/05/2020 12:00,23.0333,47.0068,73,23.0333
Victoria St,-,-,3/05/2020 13:00,20.1,41.0204,64,20.1
Victoria St,-,-,3/05/2020 14:00,16.5,33.6735,57,16.5
Victoria St,-,-,3/05/2020 15:00,14.6833,29.966,47,14.6833
Victoria St,-,-,3/05/2020 16:00,18.15,37.0408,56,18.15
Victoria St,-,-,3/05/2020 17:00,18.55,37.8571,68,18.55
Victoria St,-,-,3/05/2020 18:00,16.7167,34.1156,74,16.7167
Victoria St,-,-,3/05/2020 19:00,17.0833,34.8639,56,17.0833
Victoria St,-,-,3/05/2020 20:00,17.1333,34.966,22,17.1333
Victoria St,-,-,3/05/2020 21:00,13.5333,27.619,1,13.5333
Victoria St,-,-,3/05/2020 22:00,13,26.5306,0,13
Victoria St,-,-,3/05/2020 23:00,13.0167,26.5646,16,13.0167
Victoria St,-,-,4/05/2020 0:00,13,26.5306,0,13
Victoria St,-,-,4/05/2020 1:00,13.3333,27.2109,0,13.3333
Victoria St,-,-,4/05/2020 2:00,14,28.5714,0,14
Victoria St,-,-,4/05/2020 3:00,14,28.5714,0,14
Victoria St,-,-,4/05/2020 4:00,13.2833,27.1088,1,13.2833
Victoria St,-,-,4/05/2020 5:00,12.6167,25.7483,3,12.6167
Victoria St,-,-,4/05/2020 6:00,11.7833,24.0476,3,11.7833
Victoria St,-,-,4/05/2020 7:00,12.45,25.4082,3,12.45
Victoria St,-,-,4/05/2020 8:00,16.6833,34.0476,20,16.6833
Victoria St,-,-,4/05/2020 9:00,19.6333,40.068,27,19.6333
Victoria St,-,-,4/05/2020 10:00,20.85,42.551,38,20.85
Victoria St,-,-,4/05/2020 11:00,18.8,38.3673,32,18.8
Victoria St,-,-,4/05/2020 12:00,21.3833,43.6395,64,21.3833
Victoria St,-,-,4/05/2020 13:00,19.0667,38.9116,58,19.0667
Victoria St,-,-,4/05/2020 14:00,15.4167,31.4626,39,15.4167
Victoria St,-,-,4/05/2020 15:00,18.3167,37.381,35,18.3167
Victoria St,-,-,4/05/2020 16:00,23.65,48.2653,46,23.65
Victoria St,-,-,4/05/2020 17:00,21.65,44.1837,56,21.65
Victoria St,-,-,4/05/2020 18:00,18.7667,38.2993,82,18.7667
Victoria St,-,-,4/05/2020 19:00,16.4333,33.5374,51,16.4333
Victoria St,-,-,4/05/2020 20:00,13.2833,27.1088,31,13.2833
Victoria St,-,-,4/05/2020 21:00,11.2,22.8571,9,11.2
Victoria St,-,-,4/05/2020 22:00,10,20.4082,0,10
Victoria St,-,-,4/05/2020 23:00,9.1667,18.7075,2,9.1667
Victoria St,-,-,5/05/2020 0:00,9,18.3673,1,9
Victoria St,-,-,5/05/2020 1:00,8.8333,18.0272,4,8.8333
Victoria St,-,-,5/05/2020 2:00,9.8333,20.068,2,9.8333
Victoria St,-,-,5/05/2020 3:00,10.1167,20.6463,1,10.1167
Victoria St,-,-,5/05/2020 4:00,10.1667,20.7483,2,10.1667
Victoria St,-,-,5/05/2020 5:00,9.6667,19.7279,8,9.6667
Victoria St,-,-,5/05/2020 6:00,9.1333,18.6395,0,9.1333
Victoria St,-,-,5/05/2020 7:00,12.5,25.5102,9,12.5
Victoria St,-,-,5/05/2020 8:00,20.2,41.2245,14,20.2
Victoria St,-,-,5/05/2020 9:00,20.2,41.2245,25,20.2
Victoria St,-,-,5/05/2020 10:00,25.2333,51.4966,38,25.2333
Victoria St,-,-,5/05/2020 11:00,28.7833,58.7415,38,28.7833
Victoria St,-,-,5/05/2020 12:00,27.9833,57.1088,56,27.9833
Victoria St,-,-,5/05/2020 13:00,26.6667,54.4218,45,26.6667
Victoria St,-,-,5/05/2020 14:00,23.9667,48.9116,41,23.9667
Victoria St,-,-,5/05/2020 15:00,22.8667,46.6667,43,22.8667
Victoria St,-,-,5/05/2020 16:00,23.85,48.6735,38,23.85
Victoria St,-,-,5/05/2020 17:00,21.15,43.1633,58,21.15
Victoria St,-,-,5/05/2020 18:00,22.6167,46.1565,69,22.6167
Victoria St,-,-,5/05/2020 19:00,24.1167,49.2177,69,24.1167
Victoria St,-,-,5/05/2020 20:00,16.8167,34.3197,33,16.8167
Victoria St,-,-,5/05/2020 21:00,12.5667,25.6463,8,12.5667
Victoria St,-,-,5/05/2020 22:00,10.9667,22.381,9,10.9667
Victoria St,-,-,5/05/2020 23:00,10.7167,21.8707,18,10.7167
Victoria St,-,-,6/05/2020 0:00,10.35,21.1224,6,10.35
Victoria St,-,-,6/05/2020 1:00,10.0167,20.4422,3,10.0167
Victoria St,-,-,6/05/2020 2:00,9.0333,18.4354,1,9.0333
Victoria St,-,-,6/05/2020 3:00,9.0667,18.5034,2,9.0667
Victoria St,-,-,6/05/2020 4:00,9,18.3673,0,9
Victoria St,-,-,6/05/2020 5:00,8.35,17.0408,6,8.35
Victoria St,-,-,6/05/2020 6:00,8.0167,16.3605,4,8.0167
Victoria St,-,-,6/05/2020 7:00,11.6167,23.7075,8,11.6167
Victoria St,-,-,6/05/2020 8:00,19.3833,39.5578,14,19.3833
Victoria St,-,-,6/05/2020 9:00,22.9333,46.8027,19,22.9333
Victoria St,-,-,6/05/2020 10:00,25.8,52.6531,41,25.8
Victoria St,-,-,6/05/2020 11:00,28.5333,58.2313,27,28.5333
Victoria St,-,-,6/05/2020 12:00,28.7667,58.7075,41,28.7667
Victoria St,-,-,6/05/2020 13:00,29.2833,59.7619,38,29.2833
Victoria St,-,-,6/05/2020 14:00,26.75,54.5918,37,26.75
Victoria St,-,-,6/05/2020 15:00,24.8833,50.7823,37,24.8833
Victoria St,-,-,6/05/2020 16:00,23.8167,48.6054,44,23.8167
Victoria St,-,-,6/05/2020 17:00,23.6,48.1633,70,23.6
Victoria St,-,-,6/05/2020 18:00,27.1667,55.4422,66,27.1667
Victoria St,-,-,6/05/2020 19:00,21.15,43.1633,49,21.15
Victoria St,-,-,6/05/2020 20:00,16.6833,34.0476,36,16.6833
Victoria St,-,-,6/05/2020 21:00,11.0333,22.517,15,11.0333
Victoria St,-,-,6/05/2020 22:00,9.2667,18.9116,4,9.2667
Victoria St,-,-,6/05/2020 23:00,9.6167,19.6259,4,9.6167
Victoria St,-,-,7/05/2020 0:00,11.1333,22.7211,4,11.1333
Victoria St,-,-,7/05/2020 1:00,10.3,21.0204,16,10.3
Victoria St,-,-,7/05/2020 2:00,10.1667,20.7483,2,10.1667
Victoria St,-,-,7/05/2020 3:00,9.5833,19.5578,1,9.5833
Victoria St,-,-,7/05/2020 4:00,9,18.3673,0,9
Victoria St,-,-,7/05/2020 5:00,8.8167,17.9932,2,8.8167
Victoria St,-,-,7/05/2020 6:00,8.0167,16.3605,2,8.0167
Victoria St,-,-,7/05/2020 7:00,10.3333,21.0884,10,10.3333
Victoria St,-,-,7/05/2020 8:00,13.1167,26.7687,24,13.1167
Victoria St,-,-,7/05/2020 9:00,13.2333,27.0068,26,13.2333
Victoria St,-,-,7/05/2020 10:00,17.5167,35.7483,37,17.5167
Victoria St,-,-,7/05/2020 11:00,24.15,49.2857,48,24.15
Victoria St,-,-,7/05/2020 12:00,27.7833,56.7007,44,27.7833
Victoria St,-,-,7/05/2020 13:00,26.9333,54.966,41,26.9333
Victoria St,-,-,7/05/2020 14:00,23.7667,48.5034,44,23.7667
Victoria St,-,-,7/05/2020 15:00,21.3167,43.5034,28,21.3167
Victoria St,-,-,7/05/2020 16:00,21.3167,43.5034,31,21.3167
Victoria St,-,-,7/05/2020 17:00,24.7333,50.4762,45,24.7333
Victoria St,-,-,7/05/2020 18:00,25.45,51.9388,67,25.45
Victoria St,-,-,7/05/2020 19:00,23.5833,48.1293,52,23.5833
Victoria St,-,-,7/05/2020 20:00,19.5,39.7959,35,19.5
Victoria St,-,-,7/05/2020 21:00,14.6,29.7959,16,14.6
Victoria St,-,-,7/05/2020 22:00,12.5167,25.5442,7,12.5167
Victoria St,-,-,7/05/2020 23:00,12.1,24.6939,7,12.1
Victoria St,-,-,8/05/2020 0:00,13.1667,26.8707,9,13.1667
Victoria St,-,-,8/05/2020 1:00,13.05,26.6327,4,13.05
Victoria St,-,-,8/05/2020 2:00,11.5,23.4694,3,11.5
Victoria St,-,-,8/05/2020 3:00,11,22.449,1,11
Victoria St,-,-,8/05/2020 4:00,11.1,22.6531,2,11.1
Victoria St,-,-,8/05/2020 5:00,10.6833,21.8027,1,10.6833
Victoria St,-,-,8/05/2020 6:00,10.3,21.0204,4,10.3
Victoria St,-,-,8/05/2020 7:00,11.8167,24.1156,4,11.8167
Victoria St,-,-,8/05/2020 8:00,19.05,38.8776,6,19.05
Victoria St,-,-,8/05/2020 9:00,21.0833,43.0272,22,21.0833
Victoria St,-,-,8/05/2020 10:00,23.8833,48.7415,25,23.8833
Victoria St,-,-,8/05/2020 11:00,27.1833,55.4762,27,27.1833
Victoria St,-,-,8/05/2020 12:00,29.8333,60.8844,39,29.8333
Victoria St,-,-,8/05/2020 13:00,28.95,59.0816,50,28.95
Victoria St,-,-,8/05/2020 14:00,26.9,54.898,39,26.9
Victoria St,-,-,8/05/2020 15:00,25.8833,52.8231,26,25.8833
Victoria St,-,-,8/05/2020 16:00,24.5333,50.068,38,24.5333
Victoria St,-,-,8/05/2020 17:00,28.6333,58.4354,61,28.6333
Victoria St,-,-,8/05/2020 18:00,28.9,58.9796,64,28.9
Victoria St,-,-,8/05/2020 19:00,26.05,53.1633,73,26.05
Victoria St,-,-,8/05/2020 20:00,21.5,43.8776,45,21.5
Victoria St,-,-,8/05/2020 21:00,15.9,32.449,23,15.9
Victoria St,-,-,8/05/2020 22:00,12.7,25.9184,7,12.7
Victoria St,-,-,8/05/2020 23:00,12.35,25.2041,6,12.35
Victoria St,-,-,9/05/2020 0:00,12.8667,26.2585,6,12.8667
Victoria St,-,-,9/05/2020 1:00,13.05,26.6327,2,13.05
Victoria St,-,-,9/05/2020 2:00,12.1833,24.8639,3,12.1833
Victoria St,-,-,9/05/2020 3:00,12,24.4898,0,12
Victoria St,-,-,9/05/2020 4:00,12,24.4898,0,12
Victoria St,-,-,9/05/2020 5:00,12,24.4898,1,12
Victoria St,-,-,9/05/2020 6:00,11.1667,22.7891,4,11.1667
Victoria St,-,-,9/05/2020 7:00,11.0667,22.585,2,11.0667
Victoria St,-,-,9/05/2020 8:00,13.1333,26.8027,12,13.1333
Victoria St,-,-,9/05/2020 9:00,15.3667,31.3605,14,15.3667
Victoria St,-,-,9/05/2020 10:00,21.15,43.1633,29,21.15
Victoria St,-,-,9/05/2020 11:00,26.0333,53.1293,34,26.0333
Victoria St,-,-,9/05/2020 12:00,26.9167,54.932,48,26.9167
Victoria St,-,-,9/05/2020 13:00,28.75,58.6735,43,28.75
Victoria St,-,-,9/05/2020 14:00,24.9,50.8163,48,24.9
Victoria St,-,-,9/05/2020 15:00,23.0667,47.0748,36,23.0667
Victoria St,-,-,9/05/2020 16:00,24.45,49.898,39,24.45
Victoria St,-,-,9/05/2020 17:00,26.6167,54.3197,50,26.6167
Victoria St,-,-,9/05/2020 18:00,27.1333,55.3741,49,27.1333
Victoria St,-,-,9/05/2020 19:00,25.9,52.8571,65,25.9
Victoria St,-,-,9/05/2020 20:00,21.4833,43.8435,39,21.4833
Victoria St,-,-,9/05/2020 21:00,16.0167,32.6871,21,16.0167
Victoria St,-,-,9/05/2020 22:00,14.0833,28.7415,4,14.0833
Victoria St,-,-,9/05/2020 23:00,15.4667,31.5646,4,15.4667
Victoria St,-,-,10/05/2020 0:00,15.2,31.0204,9,15.2
Victoria St,-,-,10/05/2020 1:00,15.0833,30.7823,4,15.0833
Victoria St,-,-,10/05/2020 2:00,14.3167,29.2177,1,14.3167
Victoria St,-,-,10/05/2020 3:00,14,28.5714,0,14
Victoria St,-,-,10/05/2020 4:00,14,28.5714,0,14
Victoria St,-,-,10/05/2020 5:00,14,28.5714,4,14
Victoria St,-,-,10/05/2020 6:00,13.0167,26.5646,0,13.0167
Victoria St,-,-,10/05/2020 7:00,14,28.5714,1,14
Victoria St,-,-,10/05/2020 8:00,15.0333,30.6803,10,15.0333
Victoria St,-,-,10/05/2020 9:00,21.3833,43.6395,19,21.3833
Victoria St,-,-,10/05/2020 10:00,24.5833,50.1701,19,24.5833
Victoria St,-,-,10/05/2020 11:00,27.8833,56.9048,32,27.8833
Victoria St,-,-,10/05/2020 12:00,26.6,54.2857,57,26.6
Victoria St,-,-,10/05/2020 13:00,27.2833,55.6803,60,27.2833
Victoria St,-,-,10/05/2020 14:00,24.4833,49.966,48,24.4833
Victoria St,-,-,10/05/2020 15:00,22.6167,46.1565,62,22.6167
Victoria St,-,-,10/05/2020 16:00,22.05,45,57,22.05
Victoria St,-,-,10/05/2020 17:00,25.6333,52.3129,83,25.6333
Victoria St,-,-,10/05/2020 18:00,27.9167,56.9728,88,27.9167
Victoria St,-,-,10/05/2020 19:00,22.65,46.2245,50,22.65
Victoria St,-,-,10/05/2020 20:00,19.15,39.0816,33,19.15
Victoria St,-,-,10/05/2020 21:00,16.9833,34.6599,8,16.9833
Victoria St,-,-,10/05/2020 22:00,15.0667,30.7483,8,15.0667
Victoria St,-,-,10/05/2020 23:00,13.9,28.3673,5,13.9
Victoria St,-,-,11/05/2020 0:00,12.2667,25.034,4,12.2667
Victoria St,-,-,11/05/2020 1:00,12.5333,25.5782,11,12.5333
Victoria St,-,-,11/05/2020 2:00,11.6667,23.8095,2,11.6667
Victoria St,-,-,11/05/2020 3:00,12,24.4898,0,12
Victoria St,-,-,11/05/2020 4:00,12,24.4898,4,12
Victoria St,-,-,11/05/2020 5:00,11.6667,23.8095,21,11.6667
Victoria St,-,-,11/05/2020 6:00,10.6833,21.8027,3,10.6833
Victoria St,-,-,11/05/2020 7:00,13.0167,26.5646,6,13.0167
Victoria St,-,-,11/05/2020 8:00,17.05,34.7959,14,17.05
Victoria St,-,-,11/05/2020 9:00,20.3333,41.4966,23,20.3333
Victoria St,-,-,11/05/2020 10:00,23.5833,48.1293,21,23.5833
Victoria St,-,-,11/05/2020 11:00,25.3167,51.6667,28,25.3167
Victoria St,-,-,11/05/2020 12:00,28.6667,58.5034,46,28.6667
Victoria St,-,-,11/05/2020 13:00,27.75,56.6327,37,27.75
Victoria St,-,-,11/05/2020 14:00,24.8167,50.6463,39,24.8167
Victoria St,-,-,11/05/2020 15:00,20.2,41.2245,24,20.2
Victoria St,-,-,11/05/2020 16:00,23.3667,47.6871,31,23.3667
Victoria St,-,-,11/05/2020 17:00,23.8667,48.7075,66,23.8667
Victoria St,-,-,11/05/2020 18:00,21.0833,43.0272,60,21.0833
Victoria St,-,-,11/05/2020 19:00,21.9333,44.7619,60,21.9333
Victoria St,-,-,11/05/2020 20:00,17.3833,35.4762,39,17.3833
Victoria St,-,-,11/05/2020 21:00,12,24.4898,5,12
Victoria St,-,-,11/05/2020 22:00,12.25,25,6,12.25
Victoria St,-,-,11/05/2020 23:00,12.4167,25.3401,4,12.4167
Victoria St,-,-,12/05/2020 0:00,11.6667,23.8095,2,11.6667
Victoria St,-,-,12/05/2020 1:00,12.8667,26.2585,1,12.8667
Victoria St,-,-,12/05/2020 2:00,13.1,26.7347,2,13.1
Victoria St,-,-,12/05/2020 3:00,12.7833,26.0884,3,12.7833
Victoria St,-,-,12/05/2020 4:00,12.9167,26.3605,2,12.9167
Victoria St,-,-,12/05/2020 5:00,11.8167,24.1156,4,11.8167
Victoria St,-,-,12/05/2020 6:00,12.1,24.6939,9,12.1
Victoria St,-,-,12/05/2020 7:00,13.3833,27.3129,10,13.3833
Victoria St,-,-,12/05/2020 8:00,20.1167,41.0544,9,20.1167
Victoria St,-,-,12/05/2020 9:00,22.3167,45.5442,23,22.3167
Victoria St,-,-,12/05/2020 10:00,24.5333,50.068,17,24.5333
Victoria St,-,-,12/05/2020 11:00,29.45,60.102,19,29.45
Victoria St,-,-,12/05/2020 12:00,30.3667,61.9728,28,30.3667
Victoria St,-,-,12/05/2020 13:00,28.45,58.0612,36,28.45
Victoria St,-,-,12/05/2020 14:00,29.7333,60.6803,29,29.7333
Victoria St,-,-,12/05/2020 15:00,24.5833,50.1701,46,24.5833
Victoria St,-,-,12/05/2020 16:00,23.95,48.8776,29,23.95
Victoria St,-,-,12/05/2020 17:00,30.3,61.8367,41,30.3
Victoria St,-,-,12/05/2020 18:00,29.0667,59.3197,70,29.0667
Victoria St,-,-,12/05/2020 19:00,28.4167,57.9932,48,28.4167
Victoria St,-,-,12/05/2020 20:00,19.4333,39.6599,26,19.4333
Victoria St,-,-,12/05/2020 21:00,14.2,28.9796,15,14.2
Victoria St,-,-,12/05/2020 22:00,13.6333,27.8231,6,13.6333
Victoria St,-,-,12/05/2020 23:00,13.3667,27.2789,9,13.3667
Victoria St,-,-,13/05/2020 0:00,14.3167,29.2177,3,14.3167
Victoria St,-,-,13/05/2020 1:00,14.3333,29.2517,3,14.3333
Victoria St,-,-,13/05/2020 2:00,12.2833,25.068,4,12.2833
Victoria St,-,-,13/05/2020 3:00,12,24.4898,0,12
Victoria St,-,-,13/05/2020 4:00,12.0667,24.6259,4,12.0667
Victoria St,-,-,13/05/2020 5:00,12.3333,25.1701,13,12.3333
Victoria St,-,-,13/05/2020 6:00,12.9333,26.3946,3,12.9333
Victoria St,-,-,13/05/2020 7:00,18.05,36.8367,12,18.05
Victoria St,-,-,13/05/2020 8:00,22.05,45,16,22.05
Victoria St,-,-,13/05/2020 9:00,23.9333,48.8435,11,23.9333
Victoria St,-,-,13/05/2020 10:00,26.85,54.7959,17,26.85
Victoria St,-,-,13/05/2020 11:00,28.6167,58.4014,34,28.6167
Victoria St,-,-,13/05/2020 12:00,30.6167,62.483,21,30.6167
Victoria St,-,-,13/05/2020 13:00,30.75,62.7551,22,30.75
Victoria St,-,-,13/05/2020 14:00,30.5833,62.415,23,30.5833
Victoria St,-,-,13/05/2020 15:00,24.2833,49.5578,20,24.2833
Victoria St,-,-,13/05/2020 16:00,25.7167,52.483,33,25.7167
Victoria St,-,-,13/05/2020 17:00,26.55,54.1837,54,26.55
Victoria St,-,-,13/05/2020 18:00,28.6,58.3673,54,28.6
Victoria St,-,-,13/05/2020 19:00,28.8667,58.9116,45,28.8667
Victoria St,-,-,13/05/2020 20:00,20.65,42.1429,36,20.65
Victoria St,-,-,13/05/2020 21:00,15,30.6122,10,15
Victoria St,-,-,13/05/2020 22:00,12.1,24.6939,5,12.1
Victoria St,-,-,13/05/2020 23:00,12.5667,25.6463,12,12.5667
Victoria St,-,-,14/05/2020 0:00,14.5,29.5918,12,14.5
Victoria St,-,-,14/05/2020 1:00,14.7,30,13,14.7
Victoria St,-,-,14/05/2020 2:00,12.95,26.4286,2,12.95
Victoria St,-,-,14/05/2020 3:00,13.25,27.0408,1,13.25
Victoria St,-,-,14/05/2020 4:00,12.8667,26.2585,9,12.8667
Victoria St,-,-,14/05/2020 5:00,11.7833,24.0476,6,11.7833
Victoria St,-,-,14/05/2020 6:00,11.5,23.4694,5,11.5
Victoria St,-,-,14/05/2020 7:00,13.5833,27.7211,23,13.5833
Victoria St,-,-,14/05/2020 8:00,23.9833,48.9456,20,23.9833
Victoria St,-,-,14/05/2020 9:00,32.15,65.6122,25,32.15
Victoria St,-,-,14/05/2020 10:00,31.55,64.3878,21,31.55
Victoria St,-,-,14/05/2020 11:00,32.4667,66.2585,36,32.4667
Victoria St,-,-,14/05/2020 12:00,33.3833,68.1293,47,33.3833
Victoria St,-,-,14/05/2020 13:00,32.1833,65.6803,36,32.1833
Victoria St,-,-,14/05/2020 14:00,30.65,62.551,46,30.65
Victoria St,-,-,14/05/2020 15:00,26.15,53.3673,48,26.15
Victoria St,-,-,14/05/2020 16:00,28.9333,59.0476,51,28.9333
Victoria St,-,-,14/05/2020 17:00,34.0167,69.4218,42,34.0167
Victoria St,-,-,14/05/2020 18:00,34.2333,69.8639,22,34.2333
Victoria St,-,-,14/05/2020 19:00,34.3833,70.1701,21,34.3833
Victoria St,-,-,14/05/2020 20:00,28.0167,57.1769,43,28.0167
Victoria St,-,-,14/05/2020 21:00,17.9333,36.5986,23,17.9333
Victoria St,-,-,14/05/2020 22:00,14.45,29.4898,12,14.45
Victoria St,-,-,14/05/2020 23:00,14.1167,28.8095,9,14.1167
Victoria St,-,-,15/05/2020 0:00,14.9167,30.4422,7,14.9167
Victoria St,-,-,15/05/2020 1:00,14.0333,28.6395,6,14.0333
Victoria St,-,-,15/05/2020 2:00,9.5833,19.5578,4,9.5833
Victoria St,-,-,15/05/2020 3:00,10,20.4082,4,10
Victoria St,-,-,15/05/2020 4:00,11.8333,24.1497,16,11.8333
Victoria St,-,-,15/05/2020 5:00,9.5333,19.4558,7,9.5333
Victoria St,-,-,15/05/2020 6:00,8.25,16.8367,1,8.25
Victoria St,-,-,15/05/2020 7:00,15.9333,32.517,6,15.9333
Victoria St,-,-,15/05/2020 8:00,19.9333,40.6803,26,19.9333
Victoria St,-,-,15/05/2020 9:00,21.55,43.9796,29,21.55
Victoria St,-,-,15/05/2020 10:00,28.1667,57.483,31,28.1667
Victoria St,-,-,15/05/2020 11:00,31.1,63.4694,23,31.1
Victoria St,-,-,15/05/2020 12:00,33.5167,68.4014,24,33.5167
Victoria St,-,-,15/05/2020 13:00,33.5667,68.5034,40,33.5667
Victoria St,-,-,15/05/2020 14:00,31.0167,63.2993,46,31.0167
Victoria St,-,-,15/05/2020 15:00,29.1167,59.4218,36,29.1167
Victoria St,-,-,15/05/2020 16:00,29.65,60.5102,40,29.65
Victoria St,-,-,15/05/2020 17:00,32.65,66.6327,34,32.65
Victoria St,-,-,15/05/2020 18:00,32.9667,67.2789,32,32.9667
Victoria St,-,-,15/05/2020 19:00,32.2667,65.8503,26,32.2667
Victoria St,-,-,15/05/2020 20:00,31.0333,63.3333,33,31.0333
Victoria St,-,-,15/05/2020 21:00,24.8333,50.6803,49,24.8333
Victoria St,-,-,15/05/2020 22:00,16.5333,33.7415,29,16.5333
Victoria St,-,-,15/05/2020 23:00,13.65,27.8571,13,13.65
Victoria St,-,-,16/05/2020 0:00,11,22.449,1,11
Victoria St,-,-,16/05/2020 1:00,11.95,24.3878,6,11.95
Victoria St,-,-,16/05/2020 2:00,11.0167,22.483,3,11.0167
Victoria St,-,-,16/05/2020 3:00,10.0667,20.5442,5,10.0667
Victoria St,-,-,16/05/2020 4:00,9,18.3673,2,9
Victoria St,-,-,16/05/2020 5:00,9,18.3673,0,9
Victoria St,-,-,16/05/2020 6:00,9.1333,18.6395,2,9.1333
Victoria St,-,-,16/05/2020 7:00,9.3333,19.0476,2,9.3333
Victoria St,-,-,16/05/2020 8:00,19.2667,39.3197,18,19.2667
Victoria St,-,-,16/05/2020 9:00,23.05,47.0408,25,23.05
Victoria St,-,-,16/05/2020 10:00,31.1333,63.5374,28,31.1333
Victoria St,-,-,16/05/2020 11:00,33.3667,68.0952,35,33.3667
Victoria St,-,-,16/05/2020 12:00,31.8833,65.068,33,31.8833
Victoria St,-,-,16/05/2020 13:00,34.0833,69.5578,22,34.0833
Victoria St,-,-,16/05/2020 14:00,31.4333,64.1497,42,31.4333
Victoria St,-,-,16/05/2020 15:00,29.6833,60.5782,49,29.6833
Victoria St,-,-,16/05/2020 16:00,28.7,58.5714,44,28.7
Victoria St,-,-,16/05/2020 17:00,33.85,69.0816,32,33.85
Victoria St,-,-,16/05/2020 18:00,35.6833,72.8231,15,35.6833
Victoria St,-,-,16/05/2020 19:00,34.3167,70.034,29,34.3167
Victoria St,-,-,16/05/2020 20:00,32.7167,66.7687,26,32.7167
Victoria St,-,-,16/05/2020 21:00,28.3167,57.7891,38,28.3167
Victoria St,-,-,16/05/2020 22:00,16.2167,33.0952,18,16.2167
Victoria St,-,-,16/05/2020 23:00,14.5,29.5918,17,14.5
Victoria St,-,-,17/05/2020 0:00,13.1333,26.8027,12,13.1333
Victoria St,-,-,17/05/2020 1:00,11.3167,23.0952,15,11.3167
Victoria St,-,-,17/05/2020 2:00,10.7333,21.9048,5,10.7333
Victoria St,-,-,17/05/2020 3:00,9.2,18.7755,2,9.2
Victoria St,-,-,17/05/2020 4:00,8.9667,18.2993,5,8.9667
Victoria St,-,-,17/05/2020 5:00,8,16.3265,0,8
Victoria St,-,-,17/05/2020 6:00,8,16.3265,0,8
Victoria St,-,-,17/05/2020 7:00,8.8167,17.9932,2,8.8167
Victoria St,-,-,17/05/2020 8:00,17.5,35.7143,13,17.5
Victoria St,-,-,17/05/2020 9:00,23.35,47.6531,21,23.35
Victoria St,-,-,17/05/2020 10:00,28.1833,57.517,27,28.1833
Victoria St,-,-,17/05/2020 11:00,31.0667,63.4014,36,31.0667
Victoria St,-,-,17/05/2020 12:00,34.8833,71.1905,29,34.8833
Victoria St,-,-,17/05/2020 13:00,33.6667,68.7075,27,33.6667
Victoria St,-,-,17/05/2020 14:00,31.4167,64.1156,46,31.4167
Victoria St,-,-,17/05/2020 15:00,27.75,56.6327,32,27.75
Victoria St,-,-,17/05/2020 16:00,29.6,60.4082,45,29.6
Victoria St,-,-,17/05/2020 17:00,33.0667,67.483,37,33.0667
Victoria St,-,-,17/05/2020 18:00,33.7333,68.8435,26,33.7333
Victoria St,-,-,17/05/2020 19:00,30.1333,61.4966,36,30.1333
Victoria St,-,-,17/05/2020 20:00,26.85,54.7959,30,26.85
Victoria St,-,-,17/05/2020 21:00,17.05,34.7959,23,17.05
Victoria St,-,-,17/05/2020 22:00,9.9833,20.3741,9,9.9833
Victoria St,-,-,17/05/2020 23:00,8.0167,16.3605,1,8.0167
Victoria St,-,-,18/05/2020 0:00,9.2167,18.8095,8,9.2167
Victoria St,-,-,18/05/2020 1:00,8.6333,17.619,15,8.6333
Victoria St,-,-,18/05/2020 2:00,8,16.3265,0,8
Victoria St,-,-,18/05/2020 3:00,8,16.3265,0,8
Victoria St,-,-,18/05/2020 4:00,8,16.3265,0,8
Victoria St,-,-,18/05/2020 5:00,8,16.3265,4,8
Victoria St,-,-,18/05/2020 6:00,7.1833,14.6599,1,7.1833
Victoria St,-,-,18/05/2020 7:00,10.1167,20.6463,17,10.1167
Victoria St,-,-,18/05/2020 8:00,20.8167,42.483,21,20.8167
Victoria St,-,-,18/05/2020 9:00,26.4167,53.9116,36,26.4167
Victoria St,-,-,18/05/2020 10:00,29,59.1837,50,29
Victoria St,-,-,18/05/2020 11:00,28.1,57.3469,68,28.1
Victoria St,-,-,18/05/2020 12:00,31.1,63.4694,56,31.1
Victoria St,-,-,18/05/2020 13:00,31.25,63.7755,41,31.25
Victoria St,-,-,18/05/2020 14:00,27.75,56.6327,44,27.75
Victoria St,-,-,18/05/2020 15:00,26.5833,54.2517,53,26.5833
Victoria St,-,-,18/05/2020 16:00,25.9167,52.8912,41,25.9167
Victoria St,-,-,18/05/2020 17:00,30.3,61.8367,35,30.3
Victoria St,-,-,18/05/2020 18:00,33.3333,68.0272,46,33.3333
Victoria St,-,-,18/05/2020 19:00,31.3333,63.9456,38,31.3333
Victoria St,-,-,18/05/2020 20:00,27.3,55.7143,40,27.3
Victoria St,-,-,18/05/2020 21:00,15.4333,31.4966,23,15.4333
Victoria St,-,-,18/05/2020 22:00,10.25,20.9184,12,10.25
Victoria St,-,-,18/05/2020 23:00,10.4333,21.2925,13,10.4333
Victoria St,-,-,19/05/2020 0:00,10.3667,21.1565,5,10.3667
Victoria St,-,-,19/05/2020 1:00,10.1667,20.7483,1,10.1667
Victoria St,-,-,19/05/2020 2:00,8.9,18.1633,5,8.9
Victoria St,-,-,19/05/2020 3:00,8,16.3265,2,8
Victoria St,-,-,19/05/2020 4:00,8.0167,16.3605,2,8.0167
Victoria St,-,-,19/05/2020 5:00,8.1,16.5306,2,8.1
Victoria St,-,-,19/05/2020 6:00,8.4833,17.3129,5,8.4833
Victoria St,-,-,19/05/2020 7:00,14.2833,29.1497,17,14.2833
Victoria St,-,-,19/05/2020 8:00,21.2,43.2653,15,21.2
Victoria St,-,-,19/05/2020 9:00,28.5833,58.3333,31,28.5833
Victoria St,-,-,19/05/2020 10:00,29.5667,60.3401,31,29.5667
Victoria St,-,-,19/05/2020 11:00,33.0667,67.483,34,33.0667
Victoria St,-,-,19/05/2020 12:00,30.9333,63.1293,50,30.9333
Victoria St,-,-,19/05/2020 13:00,32.4,66.1224,31,32.4
Victoria St,-,-,19/05/2020 14:00,24.55,50.102,49,24.55
Victoria St,-,-,19/05/2020 15:00,25.5,52.0408,37,25.5
Victoria St,-,-,19/05/2020 16:00,27.0167,55.1361,39,27.0167
Victoria St,-,-,19/05/2020 17:00,31.05,63.3673,34,31.05
Victoria St,-,-,19/05/2020 18:00,33.0667,67.483,18,33.0667
Victoria St,-,-,19/05/2020 19:00,32.8833,67.1088,32,32.8833
Victoria St,-,-,19/05/2020 20:00,29.6667,60.5442,37,29.6667
Victoria St,-,-,19/05/2020 21:00,17.3333,35.3741,29,17.3333
Victoria St,-,-,19/05/2020 22:00,9.2833,18.9456,18,9.2833
Victoria St,-,-,19/05/2020 23:00,9.25,18.8776,18,9.25
Victoria St,-,-,20/05/2020 0:00,9.45,19.2857,2,9.45
Victoria St,-,-,20/05/2020 1:00,9.5167,19.4218,7,9.5167
Victoria St,-,-,20/05/2020 2:00,8.25,16.8367,4,8.25
Victoria St,-,-,20/05/2020 3:00,7.95,16.2245,1,7.95
Victoria St,-,-,20/05/2020 4:00,7,14.2857,0,7
Victoria St,-,-,20/05/2020 5:00,7.1667,14.6259,2,7.1667
Victoria St,-,-,20/05/2020 6:00,8.3,16.9388,5,8.3
Victoria St,-,-,20/05/2020 7:00,16.05,32.7551,17,16.05
Victoria St,-,-,20/05/2020 8:00,22.05,45,29,22.05
Victoria St,-,-,20/05/2020 9:00,26.8333,54.7619,31,26.8333
Victoria St,-,-,20/05/2020 10:00,28.85,58.8776,33,28.85
Victoria St,-,-,20/05/2020 11:00,32.8333,67.0068,35,32.8333
Victoria St,-,-,20/05/2020 12:00,32.9,67.1429,32,32.9
Victoria St,-,-,20/05/2020 13:00,34.3333,70.068,25,34.3333
Victoria St,-,-,20/05/2020 14:00,27.3833,55.8844,44,27.3833
Victoria St,-,-,20/05/2020 15:00,23.8667,48.7075,30,23.8667
Victoria St,-,-,20/05/2020 16:00,29.3667,59.932,37,29.3667
Victoria St,-,-,20/05/2020 17:00,31.9167,65.1361,33,31.9167
Victoria St,-,-,20/05/2020 18:00,33.4167,68.1973,26,33.4167
Victoria St,-,-,20/05/2020 19:00,32.85,67.0408,17,32.85
Victoria St,-,-,20/05/2020 20:00,31.2167,63.7075,34,31.2167
Victoria St,-,-,20/05/2020 21:00,20.6167,42.0748,31,20.6167
Victoria St,-,-,20/05/2020 22:00,13.15,26.8367,10,13.15
Victoria St,-,-,20/05/2020 23:00,11.8,24.0816,11,11.8
Victoria St,-,-,21/05/2020 0:00,12.4667,25.4422,10,12.4667
Victoria St,-,-,21/05/2020 1:00,11.3667,23.1973,11,11.3667
Victoria St,-,-,21/05/2020 2:00,9.3,18.9796,7,9.3
Victoria St,-,-,21/05/2020 3:00,8,16.3265,8,8
Victoria St,-,-,21/05/2020 4:00,8,16.3265,0,8
Victoria St,-,-,21/05/2020 5:00,8,16.3265,0,8
Victoria St,-,-,21/05/2020 6:00,8.9,18.1633,9,8.9
Victoria St,-,-,21/05/2020 7:00,12.6167,25.7483,14,12.6167
Victoria St,-,-,21/05/2020 8:00,18.7833,38.3333,30,18.7833
Victoria St,-,-,21/05/2020 9:00,29.6333,60.4762,30,29.6333
Victoria St,-,-,21/05/2020 10:00,30.35,61.9388,32,30.35
Victoria St,-,-,21/05/2020 11:00,31.8167,64.932,50,31.8167
Victoria St,-,-,21/05/2020 12:00,34.1,69.5918,30,34.1
Victoria St,-,-,21/05/2020 13:00,33.5667,68.5034,27,33.5667
Victoria St,-,-,21/05/2020 14:00,30.8167,62.8912,45,30.8167
Victoria St,-,-,21/05/2020 15:00,24.15,49.2857,43,24.15
Victoria St,-,-,21/05/2020 16:00,29.75,60.7143,42,29.75
Victoria St,-,-,21/05/2020 17:00,31,63.2653,23,31
Victoria St,-,-,21/05/2020 18:00,33.1667,67.6871,20,33.1667
Victoria St,-,-,21/05/2020 19:00,32.8167,66.9728,8,32.8167
Victoria St,-,-,21/05/2020 20:00,28.8333,58.8435,41,28.8333
Victoria St,-,-,21/05/2020 21:00,19.35,39.4898,28,19.35
Victoria St,-,-,21/05/2020 22:00,14.45,29.4898,20,14.45
Victoria St,-,-,21/05/2020 23:00,11.4,23.2653,9,11.4
Victoria St,-,-,22/05/2020 0:00,11.4333,23.3333,31,11.4333
Victoria St,-,-,22/05/2020 1:00,11.0167,22.483,1,11.0167
Victoria St,-,-,22/05/2020 2:00,10.9,22.2449,5,10.9
Victoria St,-,-,22/05/2020 3:00,10,20.4082,0,10
Victoria St,-,-,22/05/2020 4:00,10.1333,20.6803,1,10.1333
Victoria St,-,-,22/05/2020 5:00,9.6667,19.7279,2,9.6667
Victoria St,-,-,22/05/2020 6:00,10,20.4082,5,10
Victoria St,-,-,22/05/2020 7:00,15.1833,30.9864,15,15.1833
Victoria St,-,-,22/05/2020 8:00,22.6167,46.1565,39,22.6167
Victoria St,-,-,22/05/2020 9:00,26.9833,55.068,40,26.9833
Victoria St,-,-,22/05/2020 10:00,31.5333,64.3537,32,31.5333
Victoria St,-,-,22/05/2020 11:00,31.9333,65.1701,19,31.9333
Victoria St,-,-,22/05/2020 12:00,34.55,70.5102,25,34.55
Victoria St,-,-,22/05/2020 13:00,32.1667,65.6463,33,32.1667
Victoria St,-,-,22/05/2020 14:00,29.7833,60.7823,60,29.7833
Victoria St,-,-,22/05/2020 15:00,25.5833,52.2109,46,25.5833
Victoria St,-,-,22/05/2020 16:00,30.9333,63.1293,33,30.9333
Victoria St,-,-,22/05/2020 17:00,32.8667,67.0748,14,32.8667
Victoria St,-,-,22/05/2020 18:00,33.4667,68.2993,14,33.4667
Victoria St,-,-,22/05/2020 19:00,33.2,67.7551,17,33.2
Victoria St,-,-,22/05/2020 20:00,33.0833,67.517,17,33.0833
Victoria St,-,-,22/05/2020 21:00,29.55,60.3061,36,29.55
Victoria St,-,-,22/05/2020 22:00,21.5,43.8776,24,21.5
Victoria St,-,-,22/05/2020 23:00,20.3167,41.4626,24,20.3167
Victoria St,-,-,23/05/2020 0:00,17.8,36.3265,18,17.8
Victoria St,-,-,23/05/2020 1:00,15.6167,31.8707,13,15.6167
Victoria St,-,-,23/05/2020 2:00,10.8833,22.2109,9,10.8833
Victoria St,-,-,23/05/2020 3:00,10.2167,20.8503,21,10.2167
Victoria St,-,-,23/05/2020 4:00,10.5833,21.5986,1,10.5833
Victoria St,-,-,23/05/2020 5:00,11,22.449,0,11
Victoria St,-,-,23/05/2020 6:00,11.6833,23.8435,1,11.6833
Victoria St,-,-,23/05/2020 7:00,12,24.4898,19,12
Victoria St,-,-,23/05/2020 8:00,15.6667,31.9728,9,15.6667
Victoria St,-,-,23/05/2020 9:00,22.1667,45.2381,26,22.1667
Victoria St,-,-,23/05/2020 10:00,29.2,59.5918,41,29.2
Victoria St,-,-,23/05/2020 11:00,32.7667,66.8707,30,32.7667
Victoria St,-,-,23/05/2020 12:00,33.4,68.1633,30,33.4
Victoria St,-,-,23/05/2020 13:00,31.9833,65.2721,20,31.9833
Victoria St,-,-,23/05/2020 14:00,29.9333,61.0884,39,29.9333
Victoria St,-,-,23/05/2020 15:00,29.1167,59.4218,40,29.1167
Victoria St,-,-,23/05/2020 16:00,30.9,63.0612,41,30.9
Victoria St,-,-,23/05/2020 17:00,33.8667,69.1156,13,33.8667
Victoria St,-,-,23/05/2020 18:00,33.6667,68.7075,18,33.6667
Victoria St,-,-,23/05/2020 19:00,33.4333,68.2313,25,33.4333
Victoria St,-,-,23/05/2020 20:00,32.4,66.1224,32,32.4
Victoria St,-,-,23/05/2020 21:00,30.6,62.449,28,30.6
Victoria St,-,-,23/05/2020 22:00,25.7833,52.619,46,25.7833
Victoria St,-,-,23/05/2020 23:00,20.8833,42.619,32,20.8833
Victoria St,-,-,24/05/2020 0:00,16.1833,33.0272,35,16.1833
Victoria St,-,-,24/05/2020 1:00,11.1167,22.6871,22,11.1167
Victoria St,-,-,24/05/2020 2:00,8.6833,17.7211,9,8.6833
Victoria St,-,-,24/05/2020 3:00,8.4,17.1429,2,8.4
Victoria St,-,-,24/05/2020 4:00,8.7667,17.8912,5,8.7667
Victoria St,-,-,24/05/2020 5:00,8.8833,18.1293,6,8.8833
Victoria St,-,-,24/05/2020 6:00,9,18.3673,1,9
Victoria St,-,-,24/05/2020 7:00,10,20.4082,11,10
Victoria St,-,-,24/05/2020 8:00,11.85,24.1837,11,11.85
Victoria St,-,-,24/05/2020 9:00,25.8333,52.7211,27,25.8333
Victoria St,-,-,24/05/2020 10:00,32,65.3061,31,32
Victoria St,-,-,24/05/2020 11:00,33.45,68.2653,24,33.45
Victoria St,-,-,24/05/2020 12:00,33.75,68.8776,30,33.75
Victoria St,-,-,24/05/2020 13:00,33.0833,67.517,26,33.0833
Victoria St,-,-,24/05/2020 14:00,31.1333,63.5374,43,31.1333
Victoria St,-,-,24/05/2020 15:00,27.2167,55.5442,46,27.2167
Victoria St,-,-,24/05/2020 16:00,26.9667,55.034,54,26.9667
Victoria St,-,-,24/05/2020 17:00,32.7,66.7347,37,32.7
Victoria St,-,-,24/05/2020 18:00,32.95,67.2449,55,32.95
Victoria St,-,-,24/05/2020 19:00,31.0167,63.2993,34,31.0167
Victoria St,-,-,24/05/2020 20:00,26.65,54.3878,26,26.65
Victoria St,-,-,24/05/2020 21:00,18.1,36.9388,19,18.1
Victoria St,-,-,24/05/2020 22:00,13.7333,28.0272,5,13.7333
Victoria St,-,-,24/05/2020 23:00,12.0333,24.5578,6,12.0333
Victoria St,-,-,25/05/2020 0:00,11.3167,23.0952,6,11.3167
Victoria St,-,-,25/05/2020 1:00,10,20.4082,0,10
Victoria St,-,-,25/05/2020 2:00,9.2167,18.8095,1,9.2167
Victoria St,-,-,25/05/2020 3:00,8.5333,17.415,2,8.5333
Victoria St,-,-,25/05/2020 4:00,8.05,16.4286,0,8.05
Victoria St,-,-,25/05/2020 5:00,8.9333,18.2313,1,8.9333
Victoria St,-,-,25/05/2020 6:00,8.2667,16.8707,2,8.2667
Victoria St,-,-,25/05/2020 7:00,10.8333,22.1088,10,10.8333
Victoria St,-,-,25/05/2020 8:00,16.7,34.0816,27,16.7
Victoria St,-,-,25/05/2020 9:00,23.6167,48.1973,55,23.6167
Victoria St,-,-,25/05/2020 10:00,24.3333,49.6599,74,24.3333
Victoria St,-,-,25/05/2020 11:00,30.6333,62.517,28,30.6333
Victoria St,-,-,25/05/2020 12:00,32.1667,65.6463,33,32.1667
Victoria St,-,-,25/05/2020 13:00,31.25,63.7755,46,31.25
Victoria St,-,-,25/05/2020 14:00,25.8833,52.8231,38,25.8833
Victoria St,-,-,25/05/2020 15:00,21.9,44.6939,41,21.9
Victoria St,-,-,25/05/2020 16:00,25.2,51.4286,57,25.2
Victoria St,-,-,25/05/2020 17:00,30.5,62.2449,29,30.5
Victoria St,-,-,25/05/2020 18:00,32.9333,67.2109,26,32.9333
Victoria St,-,-,25/05/2020 19:00,32.1333,65.5782,14,32.1333
Victoria St,-,-,25/05/2020 20:00,28.7333,58.6395,27,28.7333
Victoria St,-,-,25/05/2020 21:00,19.2167,39.2177,22,19.2167
Victoria St,-,-,25/05/2020 22:00,13.2333,27.0068,11,13.2333
Victoria St,-,-,25/05/2020 23:00,9.6167,19.6259,15,9.6167
Victoria St,-,-,26/05/2020 0:00,9.7333,19.8639,4,9.7333
Victoria St,-,-,26/05/2020 1:00,10.15,20.7143,3,10.15
Victoria St,-,-,26/05/2020 2:00,10.1667,20.7483,4,10.1667
Victoria St,-,-,26/05/2020 3:00,9.4333,19.2517,3,9.4333
Victoria St,-,-,26/05/2020 4:00,9.4333,19.2517,10,9.4333
Victoria St,-,-,26/05/2020 5:00,9.3667,19.1156,1,9.3667
Victoria St,-,-,26/05/2020 6:00,10.5167,21.4626,4,10.5167
Victoria St,-,-,26/05/2020 7:00,13.45,27.449,13,13.45
Victoria St,-,-,26/05/2020 8:00,20.5,41.8367,26,20.5
Victoria St,-,-,26/05/2020 9:00,28.9,58.9796,43,28.9
Victoria St,-,-,26/05/2020 10:00,30.75,62.7551,39,30.75
Victoria St,-,-,26/05/2020 11:00,31.1333,63.5374,43,31.1333
Victoria St,-,-,26/05/2020 12:00,32.1667,65.6463,33,32.1667
Victoria St,-,-,26/05/2020 13:00,31.8333,64.966,31,31.8333
Victoria St,-,-,26/05/2020 14:00,30.8667,62.9932,47,30.8667
Victoria St,-,-,26/05/2020 15:00,24.6833,50.3741,52,24.6833
Victoria St,-,-,26/05/2020 16:00,25.6667,52.381,40,25.6667
Victoria St,-,-,26/05/2020 17:00,32.2667,65.8503,26,32.2667
Victoria St,-,-,26/05/2020 18:00,33.0833,67.517,22,33.0833
Victoria St,-,-,26/05/2020 19:00,32.8167,66.9728,23,32.8167
Victoria St,-,-,26/05/2020 20:00,30.0833,61.3946,34,30.0833
Victoria St,-,-,26/05/2020 21:00,23.8333,48.6395,28,23.8333
Victoria St,-,-,26/05/2020 22:00,15.6333,31.9048,9,15.6333
Victoria St,-,-,26/05/2020 23:00,14.45,29.4898,18,14.45
Victoria St,-,-,27/05/2020 0:00,14.2,28.9796,15,14.2
Victoria St,-,-,27/05/2020 1:00,12.5167,25.5442,5,12.5167
Victoria St,-,-,27/05/2020 2:00,9.9333,20.2721,5,9.9333
Victoria St,-,-,27/05/2020 3:00,9.0333,18.4354,10,9.0333
Victoria St,-,-,27/05/2020 4:00,9.3,18.9796,1,9.3
Victoria St,-,-,27/05/2020 5:00,9.45,19.2857,1,9.45
Victoria St,-,-,27/05/2020 6:00,10.2333,20.8844,8,10.2333
Victoria St,-,-,27/05/2020 7:00,11.5167,23.5034,10,11.5167
Victoria St,-,-,27/05/2020 8:00,16.0333,32.7211,32,16.0333
Victoria St,-,-,27/05/2020 9:00,22.6333,46.1905,31,22.6333
Victoria St,-,-,27/05/2020 10:00,31.9833,65.2721,33,31.9833
Victoria St,-,-,27/05/2020 11:00,33.2833,67.9252,24,33.2833
Victoria St,-,-,27/05/2020 12:00,33.3333,68.0272,18,33.3333
Victoria St,-,-,27/05/2020 13:00,30.3,61.8367,45,30.3
Victoria St,-,-,27/05/2020 14:00,23.7833,48.5374,45,23.7833
Victoria St,-,-,27/05/2020 15:00,24.75,50.5102,49,24.75
Victoria St,-,-,27/05/2020 16:00,28.6167,58.4014,35,28.6167
Victoria St,-,-,27/05/2020 17:00,33.4167,68.1973,20,33.4167
Victoria St,-,-,27/05/2020 18:00,33.05,67.449,16,33.05
Victoria St,-,-,27/05/2020 19:00,32.4833,66.2925,16,32.4833
Victoria St,-,-,27/05/2020 20:00,31.6833,64.6599,22,31.6833
Victoria St,-,-,27/05/2020 21:00,23.3333,47.619,25,23.3333
Victoria St,-,-,27/05/2020 22:00,15.4333,31.4966,14,15.4333
Victoria St,-,-,27/05/2020 23:00,12.6667,25.8503,8,12.6667
Victoria St,-,-,28/05/2020 0:00,13,26.5306,1,13
Victoria St,-,-,28/05/2020 1:00,13,26.5306,7,13
Victoria St,-,-,28/05/2020 2:00,12.25,25,2,12.25
Victoria St,-,-,28/05/2020 3:00,11.0667,22.585,1,11.0667
Victoria St,-,-,28/05/2020 4:00,11.0333,22.517,2,11.0333
Victoria St,-,-,28/05/2020 5:00,11,22.449,1,11
Victoria St,-,-,28/05/2020 6:00,13.4667,27.483,10,13.4667
Victoria St,-,-,28/05/2020 7:00,17.5,35.7143,10,17.5
Victoria St,-,-,28/05/2020 8:00,23.0667,47.0748,26,23.0667
Victoria St,-,-,28/05/2020 9:00,27.2667,55.6463,37,27.2667
Victoria St,-,-,28/05/2020 10:00,28.2333,57.619,44,28.2333
Victoria St,-,-,28/05/2020 11:00,31.9167,65.1361,34,31.9167
Victoria St,-,-,28/05/2020 12:00,32.8,66.9388,38,32.8
Victoria St,-,-,28/05/2020 13:00,33.5833,68.5374,36,33.5833
Victoria St,-,-,28/05/2020 14:00,32.1833,65.6803,41,32.1833
Victoria St,-,-,28/05/2020 15:00,31.5667,64.4218,32,31.5667
Victoria St,-,-,28/05/2020 16:00,29.5833,60.3741,31,29.5833
Victoria St,-,-,28/05/2020 17:00,33.15,67.6531,27,33.15
Victoria St,-,-,28/05/2020 18:00,33.0833,67.517,19,33.0833
Victoria St,-,-,28/05/2020 19:00,31.9833,65.2721,31,31.9833
Victoria St,-,-,28/05/2020 20:00,29.8833,60.9864,32,29.8833
Victoria St,-,-,28/05/2020 21:00,26.8167,54.7279,22,26.8167
Victoria St,-,-,28/05/2020 22:00,18.9167,38.6054,21,18.9167
Victoria St,-,-,28/05/2020 23:00,17.3,35.3061,12,17.3
Victoria St,-,-,29/05/2020 0:00,15.4333,31.4966,20,15.4333
Victoria St,-,-,29/05/2020 1:00,15.0333,30.6803,17,15.0333
Victoria St,-,-,29/05/2020 2:00,11.5167,23.5034,27,11.5167
Victoria St,-,-,29/05/2020 3:00,9.5833,19.5578,17,9.5833
Victoria St,-,-,29/05/2020 4:00,9,18.3673,0,9
Victoria St,-,-,29/05/2020 5:00,9,18.3673,0,9
Victoria St,-,-,29/05/2020 6:00,10.1333,20.6803,3,10.1333
Victoria St,-,-,29/05/2020 7:00,19.4667,39.7279,16,19.4667
Victoria St,-,-,29/05/2020 8:00,27.4667,56.0544,36,27.4667
Victoria St,-,-,29/05/2020 9:00,26.7833,54.6599,38,26.7833
Victoria St,-,-,29/05/2020 10:00,31.6667,64.6259,36,31.6667
Victoria St,-,-,29/05/2020 11:00,31.2667,63.8095,57,31.2667
Victoria St,-,-,29/05/2020 12:00,33.1667,67.6871,34,33.1667
Victoria St,-,-,29/05/2020 13:00,30.2,61.6327,50,30.2
Victoria St,-,-,29/05/2020 14:00,31.0667,63.4014,48,31.0667
Victoria St,-,-,29/05/2020 15:00,28.1833,57.517,45,28.1833
Victoria St,-,-,29/05/2020 16:00,29.3333,59.8639,33,29.3333
Victoria St,-,-,29/05/2020 17:00,32.9,67.1429,20,32.9
Victoria St,-,-,29/05/2020 18:00,33.3333,68.0272,18,33.3333
Victoria St,-,-,29/05/2020 19:00,34.0667,69.5238,19,34.0667
Victoria St,-,-,29/05/2020 20:00,33.3833,68.1293,19,33.3833
Victoria St,-,-,29/05/2020 21:00,30.8167,62.8912,27,30.8167
Victoria St,-,-,29/05/2020 22:00,22.8333,46.5986,44,22.8333
Victoria St,-,-,29/05/2020 23:00,20.8333,42.517,24,20.8333
Victoria St,-,-,30/05/2020 0:00,20.65,42.1429,12,20.65
Victoria St,-,-,30/05/2020 1:00,20.4667,41.7687,17,20.4667
Victoria St,-,-,30/05/2020 2:00,14.2667,29.1156,23,14.2667
Victoria St,-,-,30/05/2020 3:00,11.1,22.6531,9,11.1
Victoria St,-,-,30/05/2020 4:00,11.8667,24.2177,8,11.8667
Victoria St,-,-,30/05/2020 5:00,11,22.449,1,11
Victoria St,-,-,30/05/2020 6:00,11,22.449,1,11
Victoria St,-,-,30/05/2020 7:00,12.4333,25.3741,9,12.4333
Victoria St,-,-,30/05/2020 8:00,19,38.7755,21,19
Victoria St,-,-,30/05/2020 9:00,27.2333,55.5782,36,27.2333
Victoria St,-,-,30/05/2020 10:00,29.3333,59.8639,33,29.3333
Victoria St,-,-,30/05/2020 11:00,32.05,65.4082,32,32.05
Victoria St,-,-,30/05/2020 12:00,31.6667,64.6259,15,31.6667
Victoria St,-,-,30/05/2020 13:00,32.7,66.7347,29,32.7
Victoria St,-,-,30/05/2020 14:00,31.9,65.102,34,31.9
Victoria St,-,-,30/05/2020 15:00,32.1167,65.5442,40,32.1167
Victoria St,-,-,30/05/2020 16:00,32.6333,66.5986,35,32.6333
Victoria St,-,-,30/05/2020 17:00,33.4333,68.2313,19,33.4333
Victoria St,-,-,30/05/2020 18:00,34.8167,71.0544,16,34.8167
Victoria St,-,-,30/05/2020 19:00,33.9,69.1837,14,33.9
Victoria St,-,-,30/05/2020 20:00,33.9167,69.2177,28,33.9167
Victoria St,-,-,30/05/2020 21:00,29.6667,60.5442,33,29.6667
Victoria St,-,-,30/05/2020 22:00,28.1333,57.415,31,28.1333
Victoria St,-,-,30/05/2020 23:00,30.4,62.0408,27,30.4
Victoria St,-,-,31/05/2020 0:00,22.7,46.3265,35,22.7
Victoria St,-,-,31/05/2020 1:00,19.5,39.7959,25,19.5
Victoria St,-,-,31/05/2020 2:00,18.1333,37.0068,15,18.1333
Victoria St,-,-,31/05/2020 3:00,14.3333,29.2517,10,14.3333
Victoria St,-,-,31/05/2020 4:00,13.05,26.6327,1,13.05
Victoria St,-,-,31/05/2020 5:00,13,26.5306,2,13
Victoria St,-,-,31/05/2020 6:00,12.5667,25.6463,1,12.5667
Victoria St,-,-,31/05/2020 7:00,14,28.5714,9,14
Victoria St,-,-,31/05/2020 8:00,22.2167,45.3401,4,22.2167
Victoria St,-,-,31/05/2020 9:00,27,55.102,30,27
Victoria St,-,-,31/05/2020 10:00,32.15,65.6122,27,32.15
Victoria St,-,-,31/05/2020 11:00,32.8333,67.0068,25,32.8333
Victoria St,-,-,31/05/2020 12:00,32.8833,67.1088,17,32.8833
Victoria St,-,-,31/05/2020 13:00,32.65,66.6327,27,32.65
Victoria St,-,-,31/05/2020 14:00,31.7333,64.7619,34,31.7333
Victoria St,-,-,31/05/2020 15:00,30.4167,62.0748,28,30.4167
Victoria St,-,-,31/05/2020 16:00,31.9333,65.1701,35,31.9333
Victoria St,-,-,31/05/2020 17:00,32.95,67.2449,24,32.95
Victoria St,-,-,31/05/2020 18:00,34.1,69.5918,34,34.1
Victoria St,-,-,31/05/2020 19:00,34.6,70.6122,30,34.6
Victoria St,-,-,31/05/2020 20:00,30.85,62.9592,37,30.85
Victoria St,-,-,31/05/2020 21:00,26.3833,53.8435,31,26.3833
Victoria St,-,-,31/05/2020 22:00,16.9667,34.6259,10,16.9667
Victoria St,-,-,31/05/2020 23:00,14.9667,30.5442,4,14.9667
